Product Name,Price,Review Count,Stock Status,Image URL
"Crest 3D Whitestrips Sensitive At-Home Teeth Whitening Kit, 18 Treatments - 36 strips",$38.00,473,99,https://i5.walmartimages.com/seo/Crest-3D-Whitestrips-Sensitive-At-Home-Teeth-Whitening-Kit-18-Treatments-36-strips_534dd9dc-fb33-43f6-9395-7d71f96bc15d.557b6cad89939603a75b03261cb04c4c.webp?odnHeight=580&odnWidth=580&odnBg=FFFFFF
Hydroxycut Pro Clinical Max For Women Weight Loss Supplement Rapid Release Capsules 60 count,$18.00,369,0,https://i5.walmartimages.com/seo/Pro-Clinical-Hydroxycut-Max-For-Women-Weight-Loss-Supplement-Rapid-Release-Capsules-60-count_dd3d6b62-0433-4421-a9a8-bf0f301465e4.19999e653cd4f7e0617db55a95536dc0.jpeg?odnHeight=580&odnWidth=580&odnBg=FFFFFF
"Nicorette Nicotine Gum, Stop Smoking Aids, 4 Mg, Fruit Chill, 100 Count",$37.00,449,0,https://i5.walmartimages.com/seo/Nicorette-Nicotine-Gum-Stop-Smoking-Aids-4-Mg-Fruit-Chill-100-Count_bc6b6b35-aa2f-473b-9406-063f4a36a9ee.2de780aa4ffba561bd47bb6a88aa46a7.jpeg?odnHeight=580&odnWidth=580&odnBg=FFFFFF
"Nicorette Nicotine Gum, Stop Smoking Aids, 2 Mg, Cinnamon Surge, 100 Count",$38.00,245,0,https://i5.walmartimages.com/seo/Nicorette-Nicotine-Gum-Stop-Smoking-Aids-2-Mg-Cinnamon-Surge-100-Count_d85bb4d3-8a06-4e3e-8fc3-0d173433f5aa.ac86bbf7eb545f00a8c92bcde5018887.jpeg?odnHeight=580&odnWidth=580&odnBg=FFFFFF
"Nicorette Nicotine Gum, Stop Smoking Aids, 4 Mg, Cinnamon Surge, 100 Count",$38.00,245,0,https://i5.walmartimages.com/seo/Nicorette-Nicotine-Gum-Stop-Smoking-Aids-4-Mg-Cinnamon-Surge-100-Count_8fc4e88c-4a71-45fd-998d-211674e22b6c.a583202f3b157120488d037618233bf4.jpeg?odnHeight=580&odnWidth=580&odnBg=FFFFFF
"SeroVital HGH Renewal Complex, 84 Ct",$43.00,128,0,https://i5.walmartimages.com/seo/SeroVital-HGH-Renewal-Complex-84-Ct_95f48f00-cba2-4414-b6f7-2c640569c328.9c287c5c84289cdf0079f1a14e3896d6.jpeg?odnHeight=580&odnWidth=580&odnBg=FFFFFF
"Braun Series 3 Electric Razor for Men, Rechargeable Wet Dry Shaver, 310s",$36.00,1946,0,https://i5.walmartimages.com/seo/Braun-Series-3-Electric-Razor-for-Men-Rechargeable-Wet-Dry-Shaver-310s_bd7926ca-a742-4742-af84-46073ff9f716.accd5e87186a15be8cc2afb104b820d6.jpeg?odnHeight=580&odnWidth=580&odnBg=FFFFFF
SeroVital Hair Regeneres - Supports Noticeable Decrease in Age-Related Hair Loss and Shedding - 60 ct.,$33.00,153,0,https://i5.walmartimages.com/seo/SeroVital-Hair-Regeneres-Supports-Noticeable-Decrease-in-Age-Related-Hair-Loss-and-Shedding-60-ct_0b1781cb-4281-474a-9c08-ff95e2900677.b4e5857c4a1de0fe2d716b6947607d64.png?odnHeight=580&odnWidth=580&odnBg=FFFFFF
Align Daily Probiotic Supplement - 84 Capsules,$48.00,1439,0,https://i5.walmartimages.com/seo/Align-Daily-Probiotic-Supplement-84-Capsules_8ac731e9-9ab8-4ab0-bbfc-cffde1f288c9_1.7e4f230f8bd91007a1f6fd186a624457.jpeg?odnHeight=580&odnWidth=580&odnBg=FFFFFF
"Align Probiotic Gut Health and Immunity Capsules, Men and Women's Daily Probiotic Supplement, 28 Ct",$17.00,83,0,https://i5.walmartimages.com/seo/Align-Probiotic-Gut-Health-and-Immunity-Capsules-Men-and-Women-s-Daily-Probiotic-Supplement-28-Ct_cde12ef9-4262-41b4-8dfd-df81b4f4537a.70535e34cfd62a86f38a0c6d05ea9a5c.jpeg?odnHeight=580&odnWidth=580&odnBg=FFFFFF
