name,price,reviews,stock,image_url,url
"Nicorette Nicotine Gum, Stop Smoking Aids, 2 Mg, Fruit Chill, 160 Count",$55.00,417,In Stock,https://i5.walmartimages.com/seo/Nicorette-Nicotine-Gum-Stop-Smoking-Aids-2-Mg-Fruit-Chill-160-Count_82077347-8f58-4ce5-9a42-ecec2a6d82bf.90029d91fe08416cf28ee1d92f27ccda.jpeg,https://www.walmart.com/ip/Nicorette-Nicotine-Gum-Stop-Smoking-Aids-2-Mg-Fruit-Chill-160-Count/14282418?athcpid=14282418&athpgid=DiscoveryPageSeller&athcgid=null&athznid=mtsi&athieid=v0&athstid=CS020&athguid=FZkEelqX8_TWC538-uJphZNzc5nY2_vfD2D6&athancid=null&athena=true
"Crest 3DWhitestrips Noticeably White At-home Teeth Whitening Kit, 10 Treatments",$15.00,47,In Stock,https://i5.walmartimages.com/asr/35d1d98e-64d2-41ce-b604-7da129cee1f6.00ca7710b2326a1cf23ae6708ea79936.jpeg,https://www.walmart.com/ip/Crest-3DWhitestrips-Noticeably-White-At-home-Teeth-Whitening-Kit-10-Treatments/856716127?athcpid=856716127&athpgid=DiscoveryPageSeller&athcgid=null&athznid=mtsi&athieid=v0&athstid=CS020&athguid=FZkEelqX8_TWC538-uJphZNzc5nY2_vfD2D6&athancid=null&athena=true
"Bucked Up Woke AF Pre-Workout Powder, Increased Energy, White Gummy Deer, 333 mg Caffeine, 20 Servings",$30.00,89,In Stock,https://i5.walmartimages.com/asr/1d64c513-a2c9-42b2-89f7-440a7179d1b6.dcfa78ef18c3ad84885c38423a87da46.png,https://www.walmart.com/ip/Bucked-Up-Woke-AF-Pre-Workout-Powder-Increased-Energy-White-Gummy-Deer-333-mg-Caffeine-20-Servings/3348712543?athcpid=3348712543&athpgid=DiscoveryPageSeller&athcgid=null&athznid=mtsi&athieid=v0&athstid=CS020&athguid=FZkEelqX8_TWC538-uJphZNzc5nY2_vfD2D6&athancid=null&athena=true
"Philips Norelco Shaver 5000X, Rechargeable Wet & Dry Shaver with Precision Trimmer and Storage Pouch, X5006/85",$79.00,196,In Stock,https://i5.walmartimages.com/asr/c0c5f534-8bcb-4841-9684-df5ca0b0af94.d4f8851d43dd0bdc7fcf9545c52e20d0.jpeg,https://www.walmart.com/ip/Philips-Norelco-Shaver-5000X-Rechargeable-Wet-Dry-Shaver-with-Precision-Trimmer-and-Storage-Pouch-X5006-85/5419854889?athcpid=5419854889&athpgid=DiscoveryPageSeller&athcgid=null&athznid=mtsi&athieid=v0&athstid=CS020&athguid=FZkEelqX8_TWC538-uJphZNzc5nY2_vfD2D6&athancid=null&athena=true
"ARMRA Colostrum™ Premium Powder, Vine Watermelon | 30 Servings",$42.99,0,In Stock,https://i5.walmartimages.com/asr/9112887d-d743-49f7-b21c-5d620a5510c1.f632b0edd03a83900afca72fdbc740de.jpeg,https://www.walmart.com/ip/ARMRA-Colostrum-Premium-Powder-Vine-Watermelon-30-Servings/15969662022?athcpid=15969662022&athpgid=DiscoveryPageSeller&athcgid=null&athznid=mtsi&athieid=v0&athstid=CS020&athguid=FZkEelqX8_TWC538-uJphZNzc5nY2_vfD2D6&athancid=null&athena=true
"Nicorette Nicotine Gum, Stop Smoking Aids, 4 Mg, Original, 170 Count",$55.00,160,In Stock,https://i5.walmartimages.com/seo/Nicorette-Nicotine-Gum-Stop-Smoking-Aids-4-Mg-Original-170-Count_65a02e69-5eed-42f7-82c6-2646de665363.5b7b44fc00640f07ca56b436875b66f8.jpeg,https://www.walmart.com/ip/Nicorette-Nicotine-Gum-Stop-Smoking-Aids-4-Mg-Original-170-Count/10317020?athcpid=10317020&athpgid=DiscoveryPageSeller&athcgid=null&athznid=mtsi&athieid=v0&athstid=CS020&athguid=FZkEelqX8_TWC538-uJphZNzc5nY2_vfD2D6&athancid=null&athena=true
"ADT Security Signs 28"" with 6 Double-Sided Stickers, Yard Sign with Metal Aluminum Stake, Heavy Duty Weatherproof",$23.95,5,In Stock,https://i5.walmartimages.com/asr/70018b2f-75dc-48b8-ad2b-16e52921e1ed.404905652951066fafa4836829c05bce.jpeg,https://www.walmart.com/ip/ADT-Security-Signs-28-with-6-Double-Sided-Stickers-Yard-Sign-with-Metal-Aluminum-Stake-Heavy-Duty-Weatherproof/13376266803?athcpid=13376266803&athpgid=DiscoveryPageSeller&athcgid=null&athznid=mtsi&athieid=v0&athstid=CS020&athguid=FZkEelqX8_TWC538-uJphZNzc5nY2_vfD2D6&athancid=null&athena=true
"Crest 3D Whitestrips Sensitive At-Home Teeth Whitening Kit, 18 Treatments - 36 strips",$37.00,476,In Stock,https://i5.walmartimages.com/asr/534dd9dc-fb33-43f6-9395-7d71f96bc15d.557b6cad89939603a75b03261cb04c4c.webp,https://www.walmart.com/ip/Crest-3D-Whitestrips-Sensitive-At-Home-Teeth-Whitening-Kit-18-Treatments-36-strips/3452625665?athcpid=3452625665&athpgid=DiscoveryPageSeller&athcgid=null&athznid=mtsi&athieid=v0&athstid=CS020&athguid=FZkEelqX8_TWC538-uJphZNzc5nY2_vfD2D6&athancid=null&athena=true
ARMRA ColostrumTM Premium Powder Grass Fed Gut Health Bloating Immunity Skin and Hair Contains 400 Bioactive Nutrients Potent Bioavailable Keto Gluten and Fat Free Blood Orange 30 Servings,$40.00,1,In Stock,https://i5.walmartimages.com/asr/428c5d76-ec05-4044-8962-46db495afe08.59215be9c0db4cb7277aa070e443a9db.jpeg,https://www.walmart.com/ip/ARMRA-ColostrumTM-Premium-Powder-Grass-Fed-Gut-Health-Bloating-Immunity-Skin-Hair-Contains-400-Bioactive-Nutrients-Potent-Bioavailable-Keto-Gluten-Fa/16445955895?athcpid=16445955895&athpgid=DiscoveryPageSeller&athcgid=null&athznid=mtsi&athieid=v0&athstid=CS020&athguid=FZkEelqX8_TWC538-uJphZNzc5nY2_vfD2D6&athancid=null&athena=true
